{"cameraMode":{"drawMode":0,"name":"Shaded","section":"Shading Mode"},"sceneLighting":false,"audioPlay":false,"sceneViewState":{"m_AlwaysRefresh":false,"showFog":true,"showSkybox":false,"showFlares":true,"showImageEffects":true,"showParticleSystems":true,"showVisualEffectGraphs":true,"m_FxEnabled":true},"in2DMode":false,"pivot":{"x":-80.88211059570313,"y":21.612079620361329,"z":-14.821126937866211},"rotation":{"x":-0.005631976295262575,"y":-0.40999165177345278,"z":0.002855445956811309,"w":-0.9118064641952515},"size":13.248044967651368,"orthographic":false}