{"cameraMode":{"drawMode":0,"name":"Shaded","section":"Shading Mode"},"sceneLighting":true,"audioPlay":false,"sceneViewState":{"m_AlwaysRefresh":false,"showFog":true,"showSkybox":true,"showFlares":true,"showImageEffects":true,"showParticleSystems":true,"showVisualEffectGraphs":true,"m_FxEnabled":true},"in2DMode":false,"pivot":{"x":-14.555854797363282,"y":5.4100213050842289,"z":57.53761291503906},"rotation":{"x":0.01890852116048336,"y":0.7747353911399841,"z":-0.023675983771681787,"w":0.6313315033912659},"size":15.118220329284668,"orthographic":false}