{"cameraMode":{"drawMode":0,"name":"Shaded","section":"Shading Mode"},"sceneLighting":true,"audioPlay":false,"sceneViewState":{"m_AlwaysRefresh":false,"showFog":true,"showSkybox":true,"showFlares":true,"showImageEffects":true,"showParticleSystems":true,"showVisualEffectGraphs":true,"m_FxEnabled":true},"in2DMode":false,"pivot":{"x":379.8882751464844,"y":242.9427490234375,"z":-404.9920959472656},"rotation":{"x":0.10465557128190994,"y":-0.17547224462032319,"z":-0.016589367762207986,"w":-0.9782864451408386},"size":0.17384712398052216,"orthographic":false}