{"cameraMode":{"drawMode":0,"name":"Shaded","section":"Shading Mode"},"sceneLighting":false,"audioPlay":false,"sceneViewState":{"m_AlwaysRefresh":false,"showFog":true,"showSkybox":false,"showFlares":true,"showImageEffects":true,"showParticleSystems":true,"showVisualEffectGraphs":true,"m_FxEnabled":true},"in2DMode":false,"pivot":{"x":3.878119945526123,"y":1.1762980222702027,"z":11.862190246582032},"rotation":{"x":-0.015109030529856682,"y":0.16247202455997468,"z":-0.002451281761750579,"w":-0.9865082502365112},"size":0.8660255074501038,"orthographic":false}