{"cameraMode":{"drawMode":0,"name":"Shaded","section":"Shading Mode"},"sceneLighting":false,"audioPlay":false,"sceneViewState":{"m_AlwaysRefresh":false,"showFog":true,"showSkybox":false,"showFlares":true,"showImageEffects":true,"showParticleSystems":true,"showVisualEffectGraphs":true,"m_FxEnabled":true},"in2DMode":false,"pivot":{"x":-24.043930053710939,"y":13.203536987304688,"z":-21.059572219848634},"rotation":{"x":0.1602192521095276,"y":-0.32930999994277956,"z":-0.056218307465314868,"w":-0.9283921718597412},"size":1.530875563621521,"orthographic":false}