{"cameraMode":{"drawMode":0,"name":"Shaded","section":"Shading Mode"},"sceneLighting":false,"audioPlay":false,"sceneViewState":{"m_AlwaysRefresh":false,"showFog":true,"showSkybox":false,"showFlares":true,"showImageEffects":true,"showParticleSystems":true,"showVisualEffectGraphs":true,"m_FxEnabled":true},"in2DMode":false,"pivot":{"x":14.354018211364746,"y":0.4157806932926178,"z":25.021255493164064},"rotation":{"x":0.10145355015993118,"y":0.1990489363670349,"z":-0.021012982353568078,"w":0.9743510484695435},"size":1.0245610475540162,"orthographic":false}