{"cameraMode":{"drawMode":0,"name":"Shaded","section":"Shading Mode"},"sceneLighting":false,"audioPlay":false,"sceneViewState":{"m_AlwaysRefresh":false,"showFog":true,"showSkybox":false,"showFlares":true,"showImageEffects":true,"showParticleSystems":true,"showVisualEffectGraphs":true,"m_FxEnabled":true},"in2DMode":false,"pivot":{"x":14.154958724975586,"y":-1.4536125659942628,"z":20.607908248901368},"rotation":{"x":-0.012376153841614724,"y":-0.9870678186416626,"z":0.11935797333717346,"w":-0.10471497476100922},"size":4.742273330688477,"orthographic":false}